<?xml version="1.0" encoding="utf-8"?>
<Project DefaultTargets="Build" xmlns="http://schemas.microsoft.com/developer/msbuild/2003" ToolsVersion="4.0">
  <PropertyGroup>
    <Configuration Condition=" '$(Configuration)' == '' ">Debug</Configuration>
    <Platform Condition=" '$(Platform)' == '' ">AnyCPU</Platform>
    <Name>student_teacher_crud</Name>
    <SchemaVersion>2.0</SchemaVersion>
    <ProjectVersion>4.1</ProjectVersion>
    <ProjectGuid>{E6915676-FFAB-4853-82A2-3726E64D344B}</ProjectGuid>
    <DSP>Microsoft.Data.Tools.Schema.Sql.Sql150DatabaseSchemaProvider</DSP>
    <OutputType>Database</OutputType>
    <RootPath>
    </RootPath>
    <RootNamespace>student_teacher_crud</RootNamespace>
    <AssemblyName>student_teacher_crud</AssemblyName>
    <ModelCollation>1033, CI</ModelCollation>
    <DefaultFileStructure>BySchemaAndSchemaType</DefaultFileStructure>
    <DeployToDatabase>True</DeployToDatabase>
    <TargetFrameworkVersion>v4.5</TargetFrameworkVersion>
    <TargetLanguage>CS</TargetLanguage>
    <AppDesignerFolder>Properties</AppDesignerFolder>
    <SqlServerVerification>False</SqlServerVerification>
    <IncludeCompositeObjects>True</IncludeCompositeObjects>
    <TargetDatabaseSet>True</TargetDatabaseSet>
  </PropertyGroup>
  <PropertyGroup Condition=" '$(Configuration)|$(Platform)' == 'Release|AnyCPU' ">
    <OutputPath>bin\Release\</OutputPath>
    <BuildScriptName>$(MSBuildProjectName).sql</BuildScriptName>
    <TreatWarningsAsErrors>False</TreatWarningsAsErrors>
    <DebugType>pdbonly</DebugType>
    <Optimize>true</Optimize>
    <DefineDebug>false</DefineDebug>
    <DefineTrace>true</DefineTrace>
    <ErrorReport>prompt</ErrorReport>
    <WarningLevel>4</WarningLevel>
  </PropertyGroup>
  <PropertyGroup Condition=" '$(Configuration)|$(Platform)' == 'Debug|AnyCPU' ">
    <OutputPath>bin\Debug\</OutputPath>
    <BuildScriptName>$(MSBuildProjectName).sql</BuildScriptName>
    <TreatWarningsAsErrors>false</TreatWarningsAsErrors>
    <DebugSymbols>true</DebugSymbols>
    <DebugType>full</DebugType>
    <Optimize>false</Optimize>
    <DefineDebug>true</DefineDebug>
    <DefineTrace>true</DefineTrace>
    <ErrorReport>prompt</ErrorReport>
    <WarningLevel>4</WarningLevel>
  </PropertyGroup>
  <PropertyGroup>
    <VisualStudioVersion Condition="'$(VisualStudioVersion)' == ''">11.0</VisualStudioVersion>
    <!-- Default to the v11.0 targets path if the targets file for the current VS version is not found -->
    <SSDTExists Condition="Exists('$(MSBuildExtensionsPath)\Microsoft\VisualStudio\v$(VisualStudioVersion)\SSDT\Microsoft.Data.Tools.Schema.SqlTasks.targets')">True</SSDTExists>
    <VisualStudioVersion Condition="'$(SSDTExists)' == ''">11.0</VisualStudioVersion>
  </PropertyGroup>
  <Import Condition="'$(NetCoreBuild)' == 'true'" Project="$(NETCoreTargetsPath)\Microsoft.Data.Tools.Schema.SqlTasks.targets"/>
  <Import Condition="'$(NetCoreBuild)' != 'true' AND '$(SQLDBExtensionsRefPath)' != ''" Project="$(SQLDBExtensionsRefPath)\Microsoft.Data.Tools.Schema.SqlTasks.targets" />
  <Import Condition="'$(NetCoreBuild)' != 'true' AND '$(SQLDBExtensionsRefPath)' == ''" Project="$(MSBuildExtensionsPath)\Microsoft\VisualStudio\v$(VisualStudioVersion)\SSDT\Microsoft.Data.Tools.Schema.SqlTasks.targets" />
  <ItemGroup>
    <PackageReference Condition="'$(NetCoreBuild)' == 'true'" Include="Microsoft.NETFramework.ReferenceAssemblies" Version="1.0.0" PrivateAssets="All" />
  </ItemGroup>
  <ItemGroup>
    <Folder Include="Properties" />
  </ItemGroup>
  <Target Name="BeforeBuild">
    <Delete Files="$(BaseIntermediateOutputPath)\project.assets.json" />
  </Target>
</Project>
